{
	"name": "Assessment 1593504336",
	"user_id": 1448,
	"guide_id": 26,
	"type": "assessment_from_guide",
	"priority": 0,
	"data": "{\"collection\":\"WithMe\",\"dataset\":\"QuestionnaireResponse\",\"entity_json\":{\"createdDate\":\"2020-06-30T08:05:36.359Z\",\"creator\":{\"reference\":\"Natasha Todova\",\"id\":26,\"picture_name\":\"26_Natasha_Todova.jpeg\"},\"description\":\"This assessment is used to determine how patients with Arthritis are doing on their current treatment protocol.  The patient will participate in the survey monthly and their answers are based on the last 7 days.\",\"element\":[{\"element\":[{\"answerOptions\":[{\"label\":\"without ANY difficulty\",\"position\":1,\"value\":0},{\"label\":\"with SOME difficulty\",\"position\":2,\"value\":1},{\"label\":\"with MUCH difficulty\",\"position\":3,\"value\":2},{\"label\":\"UNABLE to do\",\"position\":4,\"value\":3}],\"identifer\":[{\"value\":\"<string>\"}],\"inputType\":\"numeric\",\"isRequired\":true,\"name\":\"dressYourself\",\"questionScoreLogic\":[{\"inputValue\":\"_VALUE\",\"score\":\"_inputValue\"}],\"seqNumber\":2,\"text\":\"Dress yourself, including tying shoelaces and doing buttons?\",\"type\":\"choice\",\"parent\":{\"element\":[],\"identifer\":[{\"value\":\"<string>\"}],\"isRequired\":true,\"name\":\"ableToOverLastWeek\",\"readOnly\":true,\"seqNumber\":1,\"text\":\"OVER THE LAST WEEK, were you able to:\",\"type\":\"group\"},\"indexInParent\":0,\"answerCaptured\":{\"inputValue\":3,\"score\":3}},{\"answerOptions\":[{\"label\":\"without ANY difficulty\",\"position\":1,\"value\":0},{\"label\":\"with SOME difficulty\",\"position\":2,\"value\":1},{\"label\":\"with MUCH difficulty\",\"position\":3,\"value\":2},{\"label\":\"UNABLE to do\",\"position\":4,\"value\":3}],\"identifer\":[{\"value\":\"<string>\"}],\"inputType\":\"numeric\",\"isRequired\":true,\"name\":\"getOutBed\",\"questionScoreLogic\":[{\"inputValue\":\"_VALUE\",\"score\":\"_inputValue\"}],\"seqNumber\":3,\"text\":\"Get in and out of bed?\",\"type\":\"choice\",\"parent\":{\"element\":[],\"identifer\":[{\"value\":\"<string>\"}],\"isRequired\":true,\"name\":\"ableToOverLastWeek\",\"readOnly\":true,\"seqNumber\":1,\"text\":\"OVER THE LAST WEEK, were you able to:\",\"type\":\"group\"},\"indexInParent\":1,\"answerCaptured\":{\"inputValue\":3,\"score\":3}},{\"answerOptions\":[{\"label\":\"without ANY difficulty\",\"position\":1,\"value\":0},{\"label\":\"with SOME difficulty\",\"position\":2,\"value\":1},{\"label\":\"with MUCH difficulty\",\"position\":3,\"value\":2},{\"label\":\"UNABLE to do\",\"position\":4,\"value\":3}],\"identifer\":[{\"value\":\"<string>\"}],\"inputType\":\"numeric\",\"isRequired\":true,\"name\":\"liftGlassToMouth\",\"questionScoreLogic\":[{\"inputValue\":\"_VALUE\",\"score\":\"_inputValue\"}],\"seqNumber\":4,\"text\":\"Lift a full cup or glass to your mouth?\",\"type\":\"choice\",\"parent\":{\"element\":[],\"identifer\":[{\"value\":\"<string>\"}],\"isRequired\":true,\"name\":\"ableToOverLastWeek\",\"readOnly\":true,\"seqNumber\":1,\"text\":\"OVER THE LAST WEEK, were you able to:\",\"type\":\"group\"},\"indexInParent\":2,\"answerCaptured\":{\"inputValue\":3,\"score\":3}},{\"answerOptions\":[{\"label\":\"without ANY difficulty\",\"position\":1,\"value\":0},{\"label\":\"with SOME difficulty\",\"position\":2,\"value\":1},{\"label\":\"with MUCH difficulty\",\"position\":3,\"value\":2},{\"label\":\"UNABLE to do\",\"position\":4,\"value\":3}],\"identifer\":[{\"value\":\"<string>\"}],\"inputType\":\"numeric\",\"isRequired\":true,\"name\":\"walkOutdoors\",\"questionScoreLogic\":[{\"inputValue\":\"_VALUE\",\"score\":\"_inputValue\"}],\"seqNumber\":5,\"text\":\"Walk outdoors on flat ground?\",\"type\":\"choice\",\"parent\":{\"element\":[],\"identifer\":[{\"value\":\"<string>\"}],\"isRequired\":true,\"name\":\"ableToOverLastWeek\",\"readOnly\":true,\"seqNumber\":1,\"text\":\"OVER THE LAST WEEK, were you able to:\",\"type\":\"group\"},\"indexInParent\":3,\"answerCaptured\":{\"inputValue\":3,\"score\":3}},{\"answerOptions\":[{\"label\":\"without ANY difficulty\",\"position\":1,\"value\":0},{\"label\":\"with SOME difficulty\",\"position\":2,\"value\":1},{\"label\":\"with MUCH difficulty\",\"position\":3,\"value\":2},{\"label\":\"UNABLE to do\",\"position\":4,\"value\":3}],\"identifer\":[{\"value\":\"<string>\"}],\"inputType\":\"numeric\",\"isRequired\":true,\"name\":\"washBody\",\"questionScoreLogic\":[{\"inputValue\":\"_VALUE\",\"score\":\"_inputValue\"}],\"seqNumber\":6,\"text\":\"Wash and dry your entire body?\",\"type\":\"choice\",\"parent\":{\"element\":[],\"identifer\":[{\"value\":\"<string>\"}],\"isRequired\":true,\"name\":\"ableToOverLastWeek\",\"readOnly\":true,\"seqNumber\":1,\"text\":\"OVER THE LAST WEEK, were you able to:\",\"type\":\"group\"},\"indexInParent\":4,\"answerCaptured\":{\"inputValue\":3,\"score\":3}},{\"answerOptions\":[{\"label\":\"without ANY difficulty\",\"position\":1,\"value\":0},{\"label\":\"with SOME difficulty\",\"position\":2,\"value\":1},{\"label\":\"with MUCH difficulty\",\"position\":3,\"value\":2},{\"label\":\"UNABLE to do\",\"position\":4,\"value\":3}],\"identifer\":[{\"value\":\"<string>\"}],\"inputType\":\"numeric\",\"isRequired\":true,\"name\":\"bendDown\",\"questionScoreLogic\":[{\"inputValue\":\"_VALUE\",\"score\":\"_inputValue\"}],\"seqNumber\":7,\"text\":\"Bend down to pick up clothing from the floor?\",\"type\":\"choice\",\"parent\":{\"element\":[],\"identifer\":[{\"value\":\"<string>\"}],\"isRequired\":true,\"name\":\"ableToOverLastWeek\",\"readOnly\":true,\"seqNumber\":1,\"text\":\"OVER THE LAST WEEK, were you able to:\",\"type\":\"group\"},\"indexInParent\":5,\"answerCaptured\":{\"inputValue\":3,\"score\":3}},{\"answerOptions\":[{\"label\":\"without ANY difficulty\",\"position\":1,\"value\":0},{\"label\":\"with SOME difficulty\",\"position\":2,\"value\":1},{\"label\":\"with MUCH difficulty\",\"position\":3,\"value\":2},{\"label\":\"UNABLE to do\",\"position\":4,\"value\":3}],\"identifer\":[{\"value\":\"<string>\"}],\"inputType\":\"numeric\",\"isRequired\":true,\"name\":\"faucetsOnOff\",\"questionScoreLogic\":[{\"inputValue\":\"_VALUE\",\"score\":\"_inputValue\"}],\"seqNumber\":8,\"text\":\"Turn regular faucets on and off?\",\"type\":\"choice\",\"parent\":{\"element\":[],\"identifer\":[{\"value\":\"<string>\"}],\"isRequired\":true,\"name\":\"ableToOverLastWeek\",\"readOnly\":true,\"seqNumber\":1,\"text\":\"OVER THE LAST WEEK, were you able to:\",\"type\":\"group\"},\"indexInParent\":6,\"answerCaptured\":{\"inputValue\":3,\"score\":3}},{\"answerOptions\":[{\"label\":\"without ANY difficulty\",\"position\":1,\"value\":0},{\"label\":\"with SOME difficulty\",\"position\":2,\"value\":1},{\"label\":\"with MUCH difficulty\",\"position\":3,\"value\":2},{\"label\":\"UNABLE to do\",\"position\":4,\"value\":3}],\"identifer\":[{\"value\":\"<string>\"}],\"inputType\":\"numeric\",\"isRequired\":true,\"name\":\"inOutTransportation\",\"questionScoreLogic\":[{\"inputValue\":\"_VALUE\",\"score\":\"_inputValue\"}],\"seqNumber\":9,\"text\":\"Get in and out of a car, bus, train, or airplane?\",\"type\":\"choice\",\"parent\":{\"element\":[],\"identifer\":[{\"value\":\"<string>\"}],\"isRequired\":true,\"name\":\"ableToOverLastWeek\",\"readOnly\":true,\"seqNumber\":1,\"text\":\"OVER THE LAST WEEK, were you able to:\",\"type\":\"group\"},\"indexInParent\":7,\"answerCaptured\":{\"inputValue\":3,\"score\":3}},{\"answerOptions\":[{\"label\":\"without ANY difficulty\",\"position\":1,\"value\":0},{\"label\":\"with SOME difficulty\",\"position\":2,\"value\":1},{\"label\":\"with MUCH difficulty\",\"position\":3,\"value\":2},{\"label\":\"UNABLE to do\",\"position\":4,\"value\":3}],\"identifer\":[{\"value\":\"<string>\"}],\"inputType\":\"numeric\",\"isRequired\":true,\"name\":\"walkTwoMiles\",\"questionScoreLogic\":[{\"inputValue\":\"_VALUE\",\"score\":\"_inputValue\"}],\"seqNumber\":10,\"text\":\"Walk two miles or three kilometers, if you wish?\",\"type\":\"choice\",\"parent\":{\"element\":[],\"identifer\":[{\"value\":\"<string>\"}],\"isRequired\":true,\"name\":\"ableToOverLastWeek\",\"readOnly\":true,\"seqNumber\":1,\"text\":\"OVER THE LAST WEEK, were you able to:\",\"type\":\"group\"},\"indexInParent\":8,\"answerCaptured\":{\"inputValue\":3,\"score\":3}},{\"answerOptions\":[{\"label\":\"without ANY difficulty\",\"position\":1,\"value\":0},{\"label\":\"with SOME difficulty\",\"position\":2,\"value\":1},{\"label\":\"with MUCH difficulty\",\"position\":3,\"value\":2},{\"label\":\"UNABLE to do\",\"position\":4,\"value\":3}],\"identifer\":[{\"value\":\"<string>\"}],\"inputType\":\"numeric\",\"isRequired\":true,\"name\":\"playSports\",\"questionScoreLogic\":[{\"inputValue\":\"_VALUE\",\"score\":\"_inputValue\"}],\"seqNumber\":11,\"text\":\"Participate in recreational activities and sports as you would like, if you wish?\",\"type\":\"choice\",\"parent\":{\"element\":[],\"identifer\":[{\"value\":\"<string>\"}],\"isRequired\":true,\"name\":\"ableToOverLastWeek\",\"readOnly\":true,\"seqNumber\":1,\"text\":\"OVER THE LAST WEEK, were you able to:\",\"type\":\"group\"},\"indexInParent\":9,\"answerCaptured\":{\"inputValue\":3,\"score\":3}},{\"answerOptions\":[{\"label\":\"without ANY difficulty\",\"position\":1,\"value\":0},{\"label\":\"with SOME difficulty\",\"position\":2,\"value\":1.1},{\"label\":\"with MUCH difficulty\",\"position\":3,\"value\":2.2},{\"label\":\"UNABLE to do\",\"position\":4,\"value\":3.3}],\"identifer\":[{\"value\":\"<string>\"}],\"inputType\":\"numeric\",\"isRequired\":true,\"name\":\"goodNightSleep\",\"seqNumber\":12,\"text\":\"Get a good night’s sleep?\",\"type\":\"choice\",\"parent\":{\"element\":[],\"identifer\":[{\"value\":\"<string>\"}],\"isRequired\":true,\"name\":\"ableToOverLastWeek\",\"readOnly\":true,\"seqNumber\":1,\"text\":\"OVER THE LAST WEEK, were you able to:\",\"type\":\"group\"},\"indexInParent\":10,\"answerCaptured\":{\"inputValue\":3.3}},{\"answerOptions\":[{\"label\":\"without ANY difficulty\",\"position\":1,\"value\":0},{\"label\":\"with SOME difficulty\",\"position\":2,\"value\":1.1},{\"label\":\"with MUCH difficulty\",\"position\":3,\"value\":2.2},{\"label\":\"UNABLE to do\",\"position\":4,\"value\":3.3}],\"identifer\":[{\"value\":\"<string>\"}],\"inputType\":\"numeric\",\"isRequired\":true,\"name\":\"dealWithAnxiety\",\"seqNumber\":13,\"text\":\"Deal with feelings of anxiety or being nervous?\",\"type\":\"choice\",\"parent\":{\"element\":[],\"identifer\":[{\"value\":\"<string>\"}],\"isRequired\":true,\"name\":\"ableToOverLastWeek\",\"readOnly\":true,\"seqNumber\":1,\"text\":\"OVER THE LAST WEEK, were you able to:\",\"type\":\"group\"},\"indexInParent\":11,\"answerCaptured\":{\"inputValue\":3.3}},{\"answerOptions\":[{\"label\":\"without ANY difficulty\",\"position\":1,\"value\":0},{\"label\":\"with SOME difficulty\",\"position\":2,\"value\":1.1},{\"label\":\"with MUCH difficulty\",\"position\":3,\"value\":2.2},{\"label\":\"UNABLE to do\",\"position\":4,\"value\":3.3}],\"identifer\":[{\"value\":\"<string>\"}],\"isRequired\":true,\"name\":\"dealWithDepression\",\"seqNumber\":14,\"text\":\"Deal with feelings of depression or feeling blue?\",\"type\":\"choice\",\"parent\":{\"element\":[],\"identifer\":[{\"value\":\"<string>\"}],\"isRequired\":true,\"name\":\"ableToOverLastWeek\",\"readOnly\":true,\"seqNumber\":1,\"text\":\"OVER THE LAST WEEK, were you able to:\",\"type\":\"group\"},\"indexInParent\":12,\"answerCaptured\":{\"inputValue\":3.3}}],\"identifer\":[{\"value\":\"<string>\"}],\"isRequired\":true,\"name\":\"ableToOverLastWeek\",\"readOnly\":true,\"seqNumber\":1,\"text\":\"OVER THE LAST WEEK, were you able to:\",\"type\":\"group\"},{\"identifer\":[{\"value\":\"<string>\"}],\"increment\":0.5,\"inputType\":\"numeric\",\"isRequired\":true,\"maxScaleDescription\":\"Pain as bad as it could be\",\"minScaleDescription\":\"No Pain\",\"name\":\"conditionPainThisWeek\",\"questionScoreLogic\":[{\"inputValue\":\"_VALUE\",\"score\":\"_inputValue\"}],\"scaleMax\":10,\"scaleMin\":0,\"seqNumber\":15,\"text\":\"How much pain have you had because of your condition OVER THE PAST WEEK? Please indicate below how severe your pain has been:\",\"type\":\"scale\",\"answerCaptured\":{\"inputValue\":10,\"score\":10}},{\"identifer\":[{\"value\":\"<string>\"}],\"increment\":0.5,\"inputType\":\"numeric\",\"isRequired\":true,\"maxScaleDescription\":\"Very poorly\",\"minScaleDescription\":\"Very well\",\"name\":\"qualityOfLife\",\"questionScoreLogic\":[{\"inputValue\":\"_VALUE\",\"score\":\"_inputValue\"}],\"scaleMax\":10,\"scaleMin\":0,\"seqNumber\":16,\"text\":\"Considering all the ways in which illness and health conditions may affect you at this time, please indicate below how you are doing:\",\"type\":\"scale\",\"answerCaptured\":{\"inputValue\":3.5,\"score\":3.5}}],\"forEntity\":\"patient\",\"identifer\":[{\"value\":\"<string>\"}],\"isTrendable\":true,\"maxTimeToFinish\":168,\"questionnaireScoreLogic\":[{\"inputValue\":\"((_dressYourself + _getOutBed + _liftGlassToMouth + _walkOutdoors + _washBody + _bendDown + _faucetsOnOff + _inOutTransportation + _walkTwoMiles + _playSports)/3) + _conditionPainThisWeek + _qualityOfLife\",\"score\":\"_inputValue\"}],\"resourceType\":\"WithMeQuestionnaireResponse\",\"scoreRuberic\":[{\"description\":\"Near Remission\",\"range\":\"_SCORE <= 3\"},{\"description\":\"Low Severity\",\"range\":\"AND(_SCORE >= 4,_SCORE <=6)\"},{\"description\":\"Moderate Severity\",\"range\":\"AND(_SCORE >= 7,_SCORE <=12)\"},{\"description\":\"High Severity\",\"range\":\"_SCORE >= 13\"}],\"status\":\"completed\",\"tags\":\"tag1\",\"text\":\"RAPID 3\",\"triggerPhrases\":[\"check my RA\",\"check my Rheumatoid Arthritis\",\"assess my Rheumatoid Arthritis\",\"check my arthritis\",\"assess my arthritis\"],\"type\":\"assessment\",\"typeValue\":\"rapid3\",\"version\":1,\"questionnaireScoreCaptured\":23.5,\"lastSavedDate\":\"2020-06-30T08:05:36.359Z\",\"completedDate\":\"2020-06-30T08:05:36.359Z\",\"questionnaireRangeCaptured\":{\"description\":\"High Severity\",\"range\":\"_SCORE >= 13\"},\"for\":{\"identifier\":[{\"use\":\"usual\",\"type\":{\"coding\":[{\"code\":\"Subscriber ID\",\"system\":\"wm_identifiers\",\"display\":\"Subscriber Number\",\"resourceType\":\"Coding\"}],\"resourceType\":\"CodeableConcept\"},\"value\":\"1448\",\"resourceType\":\"Identifier\"},{\"use\":\"usual\",\"type\":{\"coding\":[{\"code\":\"Member ID\",\"system\":\"wm_identifiers\",\"display\":\"Member Number\",\"resourceType\":\"Coding\"}],\"resourceType\":\"CodeableConcept\"},\"value\":\"1268323600\",\"resourceType\":\"Identifier\"}],\"name\":[{\"family\":\"JENKINS\",\"given\":[\"JAMES\",\"A\"],\"resourceType\":\"HumanName\",\"suffix\":[],\"use\":\"usual\"}],\"primaryId\":\"1268323600\",\"resourceType\":\"Patient\"},\"identifier\":[{\"value\":\"1593504336\"}],\"id\":\"1593504336\"},\"source\":\"guide\"}"
}
